,国語,英語,数学,物理,化学,生物,地学,世界史,日本史,経済,地理,倫理
0,49,49,54,54,60,48,56,56,62,52,55,41
1,57,60,48,51,64,60,61,64,67,55,58,54
2,65,68,50,51,54,44,55,59,66,53,61,52
3,55,57,49,51,61,55,58,61,66,53,57,50
4,43,41,45,46,46,33,45,45,56,43,45,31
5,36,34,45,47,54,44,50,49,58,44,44,31
6,63,66,62,61,65,53,64,64,68,61,67,52
7,55,57,38,43,55,51,53,59,65,48,51,50
8,52,52,44,46,53,45,52,55,62,48,51,44
9,61,65,53,55,64,57,62,65,68,57,63,55
10,44,43,49,49,51,38,49,49,58,46,49,33
11,66,70,57,59,72,67,69,72,72,63,69,62
12,59,62,51,52,61,54,59,62,67,55,60,52
13,63,65,55,55,59,49,58,61,66,56,63,52
14,47,47,53,53,57,45,54,54,61,50,53,39
15,66,71,62,62,75,69,71,74,73,65,71,62
16,63,65,52,53,57,47,57,60,66,54,61,51
17,47,49,54,55,69,62,63,63,66,55,57,47
18,48,48,61,59,62,47,58,56,62,55,58,38
19,62,65,56,56,62,52,60,62,67,57,64,53
20,61,61,50,49,45,31,48,50,61,48,56,42
21,38,36,44,46,53,43,49,49,58,44,44,32
22,59,62,47,51,65,61,61,65,68,55,59,56
23,59,61,55,54,56,44,56,57,64,54,60,47
24,63,68,56,58,70,65,67,70,71,61,66,60
25,73,79,56,58,68,62,67,72,73,63,71,66
26,51,51,46,48,52,42,51,53,61,48,52,41
27,74,80,60,61,73,68,71,75,74,66,74,68
28,65,70,45,50,69,69,65,72,72,58,63,65
29,73,78,57,59,70,65,68,73,73,64,72,66
30,74,81,48,53,71,72,69,76,75,62,69,72
31,58,59,55,55,57,44,56,57,64,54,60,46
32,71,75,49,51,57,51,58,64,69,56,64,60
33,73,76,45,47,47,38,51,57,66,51,61,56
34,68,73,52,55,67,62,65,70,71,60,67,63
35,61,65,54,56,66,59,63,66,69,58,64,56
36,47,48,58,58,66,55,61,60,64,55,58,42
37,66,70,64,63,69,58,67,68,70,64,71,57
38,59,61,50,51,55,45,55,57,64,52,58,48
39,48,46,52,51,47,30,47,46,57,46,51,32
40,67,71,56,56,60,51,60,63,68,58,66,56
41,75,80,54,55,62,55,63,68,71,60,70,63
42,70,72,48,48,44,31,48,53,63,50,60,50
43,57,58,57,56,57,44,56,56,63,54,60,44
44,51,53,58,58,65,54,61,61,65,56,59,45
45,56,57,59,58,59,45,58,57,64,55,61,44
46,45,43,44,46,51,41,48,50,59,44,47,36
47,61,64,50,53,68,65,64,69,70,58,62,58
48,69,73,60,60,64,53,63,65,69,61,69,57
49,59,62,60,60,66,55,63,64,67,59,65,51
50,52,53,47,49,59,52,56,59,64,51,54,47
51,51,52,48,51,63,57,59,61,65,52,55,48
52,69,74,50,54,70,68,67,73,73,60,67,66
53,65,68,54,54,58,47,58,61,67,56,64,53
54,70,76,56,59,72,68,69,74,73,64,71,66
55,60,61,47,48,49,37,50,53,62,49,56,46
56,58,61,60,60,66,55,63,63,67,59,64,50
57,54,57,58,59,74,68,68,69,69,60,63,54
58,54,55,51,53,63,56,59,61,66,54,57,49
59,61,65,51,54,68,64,64,68,70,58,63,58
60,50,52,53,55,68,61,63,64,66,56,57,49
61,67,71,59,60,69,62,67,69,71,62,69,60
62,70,75,52,55,65,60,64,69,71,60,67,63
63,67,72,51,55,70,68,67,72,72,61,66,64
64,63,68,60,62,79,75,73,76,73,66,70,63
65,60,62,50,51,51,40,52,55,63,51,58,46
66,61,61,45,46,43,31,46,50,61,46,54,44
67,59,62,53,54,64,56,61,64,67,56,61,53
68,68,74,54,58,77,76,72,78,75,64,70,69
69,58,59,49,49,48,35,49,52,61,49,56,43
70,60,62,60,58,61,49,60,61,66,58,64,49
71,46,45,46,48,52,41,50,50,59,46,49,37
72,44,42,51,51,55,42,52,51,59,48,50,35
73,53,55,60,60,69,58,64,63,66,59,62,48
74,61,65,52,54,65,59,62,66,68,57,63,56
75,71,77,53,56,68,64,66,72,73,61,69,66
76,59,62,49,51,60,54,58,62,66,54,59,52
77,57,58,55,55,57,45,56,57,64,54,59,45
78,52,53,52,53,61,51,57,59,64,53,56,46
79,55,56,55,54,56,43,55,55,63,53,58,43
80,60,63,46,49,60,55,58,62,67,53,58,54
81,57,60,58,58,65,54,62,62,66,57,62,50
82,74,79,53,55,60,53,61,66,70,59,69,62
83,51,49,39,41,38,24,39,42,56,40,45,34
84,55,57,49,51,61,53,58,61,65,53,57,49
85,68,73,56,57,67,61,66,69,71,61,68,61
86,51,51,51,51,53,41,52,53,61,49,54,40
87,60,65,52,55,69,66,65,69,70,59,63,59
88,58,60,47,49,54,45,53,57,64,51,56,48
89,59,62,57,57,64,55,62,63,67,58,63,51
90,55,56,57,57,62,51,60,60,65,56,60,46
91,54,54,52,52,55,43,54,54,62,51,56,43
92,74,78,56,56,59,50,61,65,70,60,69,60
93,51,53,53,55,67,59,62,63,66,56,58,48
94,63,66,49,51,57,48,56,60,66,54,60,53
95,52,53,56,56,65,55,61,61,65,55,59,46
96,63,65,53,54,59,50,58,61,66,56,62,52
97,65,69,52,54,61,54,60,64,68,57,64,56
98,63,66,50,51,57,48,57,60,66,54,61,53
99,71,76,69,67,68,54,68,68,70,66,76,58
100,55,55,48,49,52,41,51,54,62,49,54,43
101,59,59,53,52,50,36,51,52,62,51,58,43
102,57,60,61,61,75,68,70,70,70,63,66,56
103,39,38,49,50,58,48,53,52,59,47,48,35
104,53,53,42,45,53,46,51,55,63,47,51,45
105,67,71,52,54,62,55,61,66,69,58,65,58
106,52,53,52,53,59,49,56,57,63,52,56,44
107,49,50,62,60,64,49,60,57,63,56,60,40
108,51,53,49,51,61,53,57,59,64,52,55,47
109,46,46,47,49,56,46,52,53,61,48,50,39
110,57,57,54,54,55,43,55,56,63,53,58,45
111,61,62,54,53,52,38,53,54,63,52,60,45
112,50,52,56,56,67,58,62,62,65,56,58,46
113,62,67,55,57,71,67,68,71,71,61,66,60
114,62,64,47,49,52,42,53,56,64,51,58,49
115,48,49,67,64,68,53,63,59,64,59,62,41
116,67,72,50,53,68,66,65,71,72,59,65,64
117,50,50,43,45,50,40,49,51,60,45,49,40
118,51,51,49,50,53,42,52,53,61,49,53,40
119,68,72,54,56,65,59,64,68,70,60,67,60
120,48,48,47,49,59,51,55,57,63,49,51,43
121,52,54,58,58,66,57,62,62,66,57,60,47
122,67,72,57,59,73,69,70,73,73,63,69,64
123,54,57,68,67,78,67,71,69,69,65,68,51
124,73,78,49,51,59,53,60,66,70,57,66,63
125,54,55,55,55,56,43,55,55,62,53,58,42
126,67,71,41,46,58,56,58,65,69,53,60,61
127,48,49,63,60,62,47,59,56,62,56,59,39
128,62,64,61,59,59,44,59,59,65,58,65,48
129,56,58,57,58,66,56,62,63,66,58,62,49
130,73,79,51,55,71,70,69,75,74,63,70,70
131,42,40,42,43,48,37,45,47,57,42,44,33
132,48,46,63,59,53,33,52,48,58,52,57,32
133,51,53,49,52,64,59,60,62,66,53,56,49
134,62,64,55,55,57,45,57,58,65,55,62,49
135,60,62,51,52,61,53,59,62,67,55,60,52
136,62,65,54,55,63,56,61,64,68,57,63,54
137,69,72,53,53,55,44,56,60,67,56,65,55
138,48,47,49,49,50,37,49,49,59,47,50,36
139,58,63,61,62,79,74,73,74,72,65,68,59
140,47,47,52,52,59,48,55,55,62,50,53,40
141,47,46,51,51,54,41,52,51,60,48,51,37
142,57,60,63,62,72,63,68,67,69,62,66,52
143,67,73,61,63,78,73,74,76,74,67,72,65
144,50,50,60,58,60,45,57,55,62,54,58,39
145,63,67,68,65,68,54,66,65,68,63,71,52
146,71,77,54,57,73,71,70,75,74,64,70,69
147,58,60,55,54,57,45,56,58,64,54,60,47
148,58,61,57,58,68,61,65,66,68,59,63,54
149,47,48,51,52,59,48,55,56,62,51,53,41
150,54,54,39,43,51,45,50,55,62,46,50,46
151,49,50,51,53,64,56,59,61,65,53,55,46
152,55,57,57,56,58,45,57,57,63,54,60,44
153,59,64,62,63,78,72,72,73,72,65,69,59
154,58,61,53,54,65,58,62,65,68,57,61,53
155,67,72,53,55,65,59,64,68,70,59,66,60
156,65,68,54,55,58,47,58,61,66,56,64,53
157,65,69,53,54,64,58,63,66,69,58,64,58
158,63,65,60,59,63,52,62,63,67,59,66,52
159,61,64,62,61,67,55,64,65,68,61,67,52
160,67,71,52,54,62,55,61,66,69,58,65,58
161,57,60,53,55,68,61,64,66,68,57,61,54
162,60,63,51,53,62,55,60,63,67,55,61,53
163,61,63,52,54,62,55,60,63,67,56,62,53
164,62,63,43,45,50,43,51,56,64,49,55,50
165,57,58,54,54,57,46,56,58,64,53,59,46
166,58,58,49,50,52,40,52,54,63,50,56,45
167,64,66,51,52,56,45,56,59,66,54,61,51
168,54,55,50,52,62,55,59,61,65,54,57,49
169,54,55,45,48,56,49,54,58,64,50,53,47
170,45,45,47,49,57,48,53,54,61,48,50,40
171,65,69,49,52,64,60,62,67,70,57,63,59
172,55,55,33,38,44,39,45,51,61,42,47,45
173,49,48,46,47,49,38,48,50,59,46,50,37
174,53,56,65,64,72,61,67,65,67,62,65,49
175,53,55,59,59,67,56,63,62,66,57,61,47
176,58,63,58,60,77,73,71,73,72,63,66,59
177,57,60,61,61,71,62,67,67,68,61,65,53
178,40,37,55,52,46,26,45,42,54,45,48,24
179,69,73,53,55,64,59,63,68,71,59,67,61
180,59,63,52,54,68,63,64,68,69,58,62,56
181,68,71,49,50,53,43,54,59,66,53,62,54
182,45,41,47,45,35,16,37,37,52,39,44,24
183,70,76,47,51,68,68,66,73,73,60,66,68
184,62,65,49,52,63,57,61,65,68,56,61,56
185,70,72,38,41,42,35,46,54,64,47,56,53
186,48,47,44,46,54,45,51,53,61,47,49,41
187,46,47,69,65,70,54,64,60,64,60,62,40
188,42,41,50,51,58,47,54,53,60,49,50,36
189,37,33,44,44,43,28,41,41,54,39,41,25
190,61,62,61,59,57,41,57,57,64,56,64,45
191,62,67,46,51,67,66,64,70,71,57,61,61
192,61,64,58,58,67,58,64,65,68,59,65,54
193,61,64,50,52,62,56,60,64,67,55,61,54
194,56,59,57,58,71,64,66,67,68,59,63,53
195,56,58,56,56,66,57,62,63,67,57,61,50
196,61,65,51,53,66,60,63,67,69,57,62,57
197,59,62,55,57,67,60,64,66,68,58,63,54
198,45,44,49,48,46,31,46,45,57,44,48,31
199,64,68,68,66,73,61,70,69,70,66,72,56
200,56,58,48,51,63,58,60,63,67,54,58,52
201,58,57,37,39,40,30,42,48,59,42,48,42
202,68,72,52,53,59,50,59,63,68,57,65,57
203,57,59,44,47,57,52,56,60,65,51,55,51
204,68,72,55,56,62,53,61,65,69,58,66,58
205,56,58,59,58,62,50,60,60,65,57,62,47
206,41,41,51,52,61,52,56,56,61,50,50,38
207,69,74,63,63,74,67,71,73,73,66,73,63
208,63,68,55,58,74,71,70,73,72,62,67,63
209,53,53,61,58,57,40,55,53,61,54,60,39
210,78,84,58,59,64,56,65,70,72,63,73,66
211,62,65,52,54,61,54,60,63,67,56,62,54
212,55,56,52,52,55,44,54,56,63,52,57,44
213,45,45,60,59,64,51,59,57,62,54,57,39
214,47,48,55,56,65,55,60,59,64,54,56,43
215,49,51,53,54,66,58,61,62,65,54,56,47
216,43,42,47,49,58,48,53,54,61,48,49,38
217,46,45,46,47,51,40,49,50,59,45,48,36
218,50,53,58,59,73,66,67,67,68,59,61,50
219,62,65,53,54,62,54,60,63,67,56,62,54
220,60,63,55,56,64,56,62,64,68,58,63,54
221,57,57,49,50,49,37,50,52,61,49,55,43
222,58,60,63,62,67,56,64,64,67,60,66,50
223,57,59,52,54,61,52,59,61,66,55,59,50
224,60,63,50,52,62,56,60,64,67,55,60,54
225,56,58,42,46,56,51,54,59,65,49,54,50
226,56,59,72,69,76,63,71,68,69,66,70,51
227,58,62,56,58,74,70,69,71,71,61,64,58
228,46,46,48,49,54,43,51,52,60,47,50,38
229,72,77,52,55,68,65,67,72,73,61,69,67
230,55,55,39,42,46,38,46,51,61,44,49,43
231,40,38,49,49,49,35,47,46,56,44,46,29
232,51,52,61,59,62,47,59,57,63,56,60,41
233,75,81,58,59,68,62,68,72,73,64,73,67
234,45,44,41,44,52,44,49,51,60,44,46,38
235,48,48,49,51,62,54,57,59,64,51,53,44
236,59,60,52,52,51,38,52,54,62,51,58,44
237,58,60,58,57,59,46,58,58,65,56,62,47
238,55,56,40,44,53,48,52,57,64,47,51,48
239,52,53,59,58,61,48,58,57,63,55,59,43
240,53,53,49,49,50,37,49,51,60,48,53,40
241,66,70,48,51,64,60,62,67,70,57,63,61
242,51,52,46,48,55,46,53,55,62,49,52,43
243,67,72,61,61,70,62,68,70,71,64,71,61
244,49,49,46,48,53,43,51,53,61,47,51,40
245,73,78,54,56,67,62,66,71,72,62,70,65
246,57,56,46,46,42,27,44,47,59,45,52,38
247,75,81,61,61,70,63,69,73,74,66,75,67
248,66,70,54,56,64,56,62,66,69,59,66,58
249,50,52,53,54,64,56,60,61,65,54,57,46
250,64,68,62,61,66,55,64,65,68,61,68,54
251,58,61,59,59,68,60,65,66,68,60,64,53
252,62,67,54,56,71,67,67,71,71,61,65,60
253,64,68,60,60,70,61,67,68,70,62,68,58
254,52,53,51,52,58,47,55,56,63,51,55,44
255,48,49,60,59,68,57,63,61,65,57,59,44
256,46,46,51,53,63,55,58,59,63,52,53,43
257,74,78,46,49,55,50,57,64,69,55,64,62
258,60,61,61,59,58,43,58,57,64,56,63,46
259,56,58,48,51,64,59,60,64,67,54,57,53
260,59,63,60,60,70,61,66,67,69,61,66,54
261,55,58,56,56,64,55,61,62,66,56,61,49
262,65,69,55,56,68,62,65,69,70,60,66,60
263,53,53,52,52,53,40,52,53,61,50,55,40
264,53,54,54,54,61,51,58,59,64,54,58,45
265,60,64,54,56,68,62,65,67,69,59,64,56
266,57,60,59,59,68,59,64,65,67,59,64,51
267,42,41,43,45,55,48,51,53,60,45,46,38
268,70,74,53,55,63,57,63,67,70,59,67,61
269,66,70,63,61,64,52,63,64,68,61,69,54
270,60,63,55,55,59,49,58,60,66,55,62,50
271,45,46,54,55,65,56,60,59,63,53,55,42
272,56,57,52,52,54,43,54,55,63,52,57,44
273,57,59,58,58,67,57,63,64,67,58,63,51
274,54,53,53,51,47,32,48,48,59,48,55,37
275,38,37,39,42,51,43,47,49,58,42,42,34
276,57,57,45,46,45,33,46,50,60,46,52,42
277,60,61,42,44,47,38,48,53,62,47,53,47
278,70,74,46,49,57,52,58,64,69,55,62,60
279,59,64,65,65,81,74,75,75,72,67,70,60
280,46,46,52,53,63,53,58,58,63,52,54,42
281,57,58,46,47,49,39,50,53,62,48,54,45
282,69,73,57,57,59,49,60,63,68,59,68,56
283,49,49,48,50,59,50,55,57,63,50,53,43
284,52,53,44,47,57,50,54,57,63,49,52,46
285,64,67,54,56,64,57,62,65,69,58,64,56
286,58,61,49,53,69,66,65,68,69,57,60,57
287,45,45,41,45,58,53,53,56,62,47,47,43
288,55,58,54,56,70,65,65,67,69,58,61,54
289,64,66,50,51,55,46,56,59,66,54,61,52
290,58,62,60,60,69,60,65,66,68,60,65,53
291,59,62,50,53,63,56,60,64,67,55,60,54
292,68,72,55,56,63,55,62,66,69,59,67,58
293,46,48,68,67,78,66,70,66,67,63,64,45
294,65,68,55,55,58,48,59,61,67,57,64,53
295,48,48,56,55,60,47,57,55,62,53,56,40
296,69,74,46,51,66,65,64,71,72,58,65,66
297,48,48,52,52,56,44,54,54,61,50,53,39
298,47,47,48,49,53,41,51,51,60,47,50,38
299,49,50,57,56,64,52,60,59,64,55,57,43
300,48,47,48,49,55,44,52,53,61,48,51,40
301,68,69,46,46,42,29,46,51,62,48,58,47
302,53,53,54,54,54,40,53,53,61,51,56,40
303,45,44,50,50,52,39,50,49,59,47,50,35
304,44,43,53,53,56,42,53,51,59,49,51,35
305,41,40,47,49,58,49,53,54,60,47,48,37
306,74,78,58,57,59,49,61,64,69,60,70,59
307,50,49,49,50,52,40,51,52,60,48,52,39
308,50,51,58,58,67,57,62,62,65,57,59,45
309,64,66,51,52,54,44,55,58,65,53,61,51
310,56,57,40,43,50,44,50,55,63,46,51,47
311,52,52,49,50,57,47,54,56,63,50,54,44
312,61,66,65,65,78,71,73,74,72,66,71,60
313,52,53,41,45,56,50,53,57,64,48,51,47
314,47,46,45,47,53,43,50,52,60,46,49,39
315,52,52,59,57,54,37,53,52,60,52,58,38
316,60,60,44,45,44,32,46,50,61,46,53,44
317,57,60,51,53,67,62,63,66,68,57,60,55
318,43,42,44,46,53,44,50,51,59,45,47,37
319,55,56,51,52,62,54,59,61,65,54,58,49
320,59,60,61,59,57,42,57,56,63,56,63,44
321,50,52,60,59,65,53,61,60,64,56,60,44
322,52,53,41,45,56,50,53,57,64,48,51,47
323,62,63,56,55,57,44,57,58,65,55,62,48
324,47,49,72,69,76,62,70,64,66,63,65,43
325,58,58,42,44,44,34,46,50,61,45,51,43
326,60,61,54,53,53,40,53,55,63,52,60,46
327,51,51,48,48,49,36,48,50,60,47,52,38
328,58,59,54,55,61,52,59,61,66,55,60,49
329,55,58,41,47,65,65,60,66,68,52,55,56
330,51,51,51,52,57,46,55,56,62,51,54,42
331,60,60,54,53,51,37,52,54,62,52,59,44
332,57,59,52,53,59,50,58,59,65,54,59,48
333,42,42,56,56,65,54,59,57,62,53,54,39
334,66,69,60,60,63,51,62,64,68,60,68,54
335,59,63,51,55,72,70,67,71,71,59,63,60
336,50,52,44,48,64,62,59,63,66,52,53,51
337,68,73,58,59,71,65,68,72,72,63,70,63
338,62,64,54,55,59,49,58,60,66,56,62,51
339,47,48,50,52,64,57,59,60,64,52,54,45
340,49,51,50,52,64,58,60,61,65,53,55,47
341,48,49,55,55,62,51,58,58,63,53,56,42
342,51,51,57,56,56,41,55,54,61,52,57,39
343,59,61,53,54,59,49,58,60,65,55,60,49
344,56,60,62,63,79,73,73,73,71,64,67,57
345,70,75,60,61,73,67,70,74,73,65,72,65
346,57,58,47,48,53,44,53,56,63,50,55,46
347,58,61,57,57,65,55,62,63,67,58,63,51
348,61,62,51,51,52,40,53,55,63,52,59,47
349,59,62,52,54,63,55,60,63,67,56,61,52
350,55,56,56,55,57,44,56,56,63,53,59,43
351,68,72,60,59,63,52,63,65,69,60,69,56
352,38,34,47,46,44,28,42,41,54,41,43,24
353,55,57,60,59,68,59,65,64,67,59,63,50
354,64,68,59,59,64,54,63,65,68,60,67,55
355,55,58,51,53,69,65,64,67,68,57,59,54
356,56,58,50,52,62,55,59,62,66,54,58,50
357,42,40,52,51,50,35,48,46,57,46,49,30
358,58,60,49,50,55,45,54,57,64,51,57,48
359,55,57,57,57,63,53,61,61,66,56,61,48
360,68,72,53,54,59,50,59,63,68,57,65,57
361,52,52,46,48,53,44,52,54,62,48,52,43
362,60,63,53,54,64,57,62,65,68,57,62,54
363,54,58,57,59,77,74,71,72,71,62,63,57
364,67,73,59,61,76,72,72,75,74,65,71,66
365,57,59,46,49,61,55,58,62,66,53,57,52
366,52,53,44,47,58,52,55,59,64,50,53,47
367,56,57,51,52,59,50,57,59,65,53,58,48
368,67,71,56,56,61,51,61,64,68,58,66,56
369,67,71,60,59,60,48,61,62,67,59,68,54
370,63,66,52,53,59,51,59,62,67,56,62,54
371,60,60,40,42,43,33,45,50,61,45,51,45
372,52,54,49,51,60,52,57,59,64,52,55,47
373,73,77,68,65,63,48,64,65,69,64,75,56
374,58,59,42,46,54,48,53,58,64,49,54,50
375,71,77,61,63,77,73,74,77,75,68,74,68
376,62,66,59,60,70,62,67,68,70,61,67,57
377,62,65,56,56,61,51,60,62,67,57,64,52
378,57,58,41,44,52,46,52,57,64,48,53,49
379,58,59,47,48,52,42,52,55,63,50,55,46
380,50,51,49,51,61,53,57,59,64,52,54,46
381,58,61,56,57,69,63,65,67,69,59,63,55
382,64,68,59,59,64,54,63,65,68,60,67,55
383,60,63,54,55,63,54,60,63,67,56,62,52
384,59,62,49,52,63,57,60,64,67,55,59,54
385,55,56,53,53,59,49,57,58,64,53,58,46
386,69,74,51,54,64,60,64,69,71,59,66,62
387,47,46,48,49,54,43,51,52,60,48,50,38
388,69,75,58,60,75,71,72,75,74,65,71,66
389,54,53,44,45,41,27,43,45,58,43,50,37
390,59,60,52,53,55,43,55,57,64,53,59,46
391,54,54,53,52,52,38,52,52,61,50,56,41
392,49,51,55,56,66,57,61,61,65,55,57,46
393,44,44,49,51,61,52,56,56,62,50,51,40
394,61,65,49,53,73,73,68,73,72,59,63,63
395,58,60,54,54,59,48,57,59,65,54,60,48
396,54,55,55,56,65,56,61,62,66,56,60,48
397,61,64,49,51,60,54,59,63,67,55,60,54
398,58,59,49,50,54,44,53,56,63,51,56,46
399,54,55,60,59,65,53,62,61,65,58,62,46
400,59,60,45,47,49,38,49,53,62,48,55,45
401,50,51,46,48,55,46,52,55,62,48,52,43
402,69,74,55,57,69,64,67,71,72,62,68,63
403,61,63,48,50,56,48,56,59,65,52,58,51
404,64,66,48,49,52,43,53,57,65,52,59,51
405,64,67,55,56,61,51,60,63,67,57,64,54
406,69,74,50,54,72,71,68,74,74,62,67,67
407,52,50,36,39,39,28,40,45,57,39,44,37
408,70,76,60,61,73,68,71,74,73,65,72,65
409,59,61,50,52,63,56,60,63,67,55,60,53
410,59,61,52,53,60,50,58,61,66,55,60,50
411,44,42,54,53,54,39,51,49,58,48,51,33
412,53,55,61,60,65,52,62,61,65,58,62,45
413,64,69,56,58,76,74,71,75,73,63,68,64
414,52,51,54,52,48,31,48,48,58,48,54,35
415,53,55,65,63,68,55,64,62,66,60,64,46
416,50,52,61,60,68,57,64,62,65,58,61,45
417,57,59,41,45,58,54,55,61,66,50,54,52
418,49,48,42,44,46,35,46,48,59,43,47,37
419,62,64,47,49,52,42,52,57,64,51,58,50
420,51,53,64,63,73,63,67,66,67,61,64,48
421,44,43,54,53,56,43,53,51,59,49,52,35
422,45,43,43,45,49,39,47,49,59,44,46,36
423,53,54,48,51,64,58,60,62,66,53,56,50
424,51,51,48,49,54,44,52,54,62,49,53,42
425,62,68,55,58,79,78,73,76,74,64,67,65
426,51,50,53,52,50,35,50,50,59,49,54,37
427,62,65,54,55,62,53,60,63,67,57,63,53
428,57,58,61,59,60,46,59,58,64,57,63,45
429,62,66,53,56,71,68,67,71,71,60,65,61
430,53,54,62,61,67,55,63,62,65,58,62,46
431,58,59,47,48,50,40,51,54,62,49,55,45
432,53,54,56,55,60,48,58,58,63,54,58,44
433,62,65,60,59,64,53,63,64,68,60,66,53
434,46,46,52,52,59,47,55,55,62,50,53,40
435,64,69,65,65,77,69,73,73,72,66,72,60
436,47,44,41,41,34,17,36,38,53,38,43,27
437,37,35,48,48,50,36,47,45,56,43,44,28
438,59,61,54,55,60,50,59,60,66,55,61,49
439,49,50,44,48,60,55,56,59,64,50,51,46
440,46,47,49,51,65,59,59,61,64,52,53,46
441,52,54,53,54,66,58,61,63,66,55,58,48
442,61,64,44,48,59,55,57,63,67,53,58,56
443,59,60,53,53,55,44,55,57,64,53,59,47
444,55,56,55,55,57,45,56,56,63,53,58,44
445,59,61,47,49,53,44,53,57,64,51,57,48
446,50,49,49,49,46,31,46,47,58,46,51,35
447,60,61,43,45,46,37,48,52,62,47,54,46
448,60,63,51,53,64,58,61,64,68,56,61,54
449,42,40,53,51,51,35,48,46,57,46,49,30
450,73,77,50,52,59,52,60,65,70,57,66,61
451,47,47,47,48,54,45,52,53,61,48,50,40
452,62,66,66,64,72,61,69,68,70,64,70,55
453,59,60,46,47,50,40,51,54,63,49,55,47
454,57,59,54,56,67,61,64,65,68,57,61,53
455,55,56,50,51,56,46,55,56,63,51,56,45
456,66,69,45,48,55,49,55,61,67,52,60,56
457,51,51,47,48,53,42,51,53,61,48,52,41
458,59,62,47,50,61,56,59,63,67,54,58,54
459,54,56,60,60,71,63,66,66,68,60,63,51
460,46,47,48,50,61,54,57,58,63,51,52,43
461,77,83,45,49,60,58,61,69,72,58,67,69
462,54,56,46,49,60,54,57,60,65,51,55,49
463,65,68,45,49,59,55,58,64,68,54,60,58
464,61,62,58,57,56,42,56,57,64,55,62,46
465,72,77,64,63,70,60,69,71,72,66,74,62
466,72,75,48,49,51,42,54,59,67,53,63,56
467,58,61,59,59,67,58,64,65,68,59,64,52
468,61,63,41,44,50,44,51,57,64,48,54,51
469,59,62,51,53,65,59,62,65,68,56,61,54
470,45,46,55,56,66,56,60,59,64,54,55,42
471,63,68,40,46,65,66,62,69,71,54,59,63
472,61,64,47,50,60,54,58,63,67,54,59,54
473,51,53,58,58,66,55,62,61,65,57,60,46
474,69,72,55,55,57,46,58,61,67,57,66,55
475,64,68,52,54,65,60,63,67,69,58,64,58
476,67,71,59,59,62,51,62,64,68,60,68,55
477,64,68,55,57,68,62,65,69,70,60,66,59
478,68,71,48,50,57,52,58,63,68,55,62,58
479,65,66,38,40,40,31,44,51,62,44,53,48
480,49,50,49,51,59,51,56,57,63,51,54,44
481,64,67,42,46,56,52,56,62,67,52,58,56
482,63,64,48,48,47,36,49,53,63,49,57,47
483,59,61,50,52,58,50,57,60,65,54,59,50
484,57,58,53,53,56,44,55,56,63,53,58,45
485,61,64,61,61,70,61,67,67,69,62,67,55
486,50,50,49,50,52,40,51,52,60,48,52,39
487,45,45,48,50,60,52,56,57,62,50,51,41
488,64,66,52,52,52,40,54,57,64,53,61,49
489,55,56,46,49,59,52,56,59,65,51,55,49
490,63,66,57,57,61,50,60,62,67,58,65,52
491,64,67,51,52,59,51,59,63,67,55,62,55
492,47,45,40,41,39,25,40,42,55,40,44,32
493,51,52,48,49,56,47,54,56,63,50,53,44
494,71,77,69,68,81,74,77,78,75,71,78,67
495,74,77,56,56,55,43,57,61,68,58,68,57
496,41,38,49,48,45,28,44,42,55,43,46,26
497,60,64,57,58,68,59,64,66,69,60,65,55
498,59,61,57,56,59,47,58,59,65,56,62,48
499,64,67,49,52,61,56,60,64,68,56,62,56
500,46,47,62,61,70,58,64,62,64,58,59,42
501,56,58,50,52,60,52,58,60,65,53,58,49
502,57,58,52,52,49,35,50,51,61,50,57,42
503,49,49,46,47,48,37,48,49,59,45,50,38
504,59,61,51,51,55,44,54,57,64,52,58,48
505,51,51,58,57,60,45,57,56,62,54,58,41
506,60,64,55,56,67,59,64,66,68,58,64,55
507,55,58,62,61,70,59,66,65,67,60,64,50
508,46,46,52,53,59,48,55,55,61,50,53,39
509,56,57,53,53,57,46,56,57,64,53,58,46
510,44,44,52,53,60,49,56,55,61,50,52,38
511,58,59,51,52,57,47,56,58,64,53,58,48
512,67,71,58,59,66,58,65,67,70,61,68,58
513,68,72,57,57,63,55,63,66,69,60,68,58
514,64,68,58,58,65,56,64,66,69,60,67,56
515,51,51,53,53,56,44,54,54,62,51,55,41
516,64,68,56,57,69,63,66,69,70,61,66,59
517,65,69,55,57,67,60,65,68,70,60,66,58
518,53,54,49,50,53,43,52,54,62,49,54,43
519,67,71,49,52,63,59,62,67,70,57,64,61
520,67,70,54,54,58,48,58,62,67,56,64,54
521,48,49,58,57,60,46,57,55,62,53,57,39
522,54,57,55,56,68,61,63,65,67,57,61,51
523,62,68,58,60,76,73,71,74,73,64,68,62
524,62,66,56,58,76,73,70,74,72,63,67,62
525,60,62,46,49,58,52,57,61,66,52,57,53
526,51,49,52,50,43,24,44,44,56,45,52,32
527,53,53,53,53,54,40,53,53,61,51,56,41
528,43,42,46,47,50,38,48,48,58,44,47,34
529,58,62,61,61,71,63,67,68,69,61,66,54
530,59,60,46,48,52,43,52,56,63,50,56,47
531,70,74,49,52,61,56,61,66,70,57,65,61
532,39,38,48,50,59,49,54,54,60,48,48,36
533,57,61,53,56,71,66,66,69,69,59,62,56
534,64,67,63,61,64,51,63,63,67,60,68,52
535,45,46,53,55,71,66,64,64,66,55,55,47
536,73,78,53,56,69,66,68,73,73,62,70,67
537,63,67,61,61,69,59,66,67,69,62,68,56
538,62,64,44,48,56,50,55,60,66,51,57,53
539,54,56,62,62,70,60,66,65,67,60,64,49
540,65,70,71,69,77,66,73,72,72,68,75,59
541,42,41,51,50,52,37,49,48,58,46,49,32
542,47,48,57,56,64,52,59,58,63,54,56,42
543,60,63,58,59,67,57,64,65,68,59,65,53
544,59,61,58,58,65,54,62,63,67,58,64,51
545,57,59,54,55,62,54,60,62,66,56,60,50
546,58,59,50,51,54,43,53,56,63,51,57,46
547,67,71,48,51,62,58,61,67,70,56,63,60
548,46,48,63,62,75,66,68,66,66,60,61,46
549,43,42,60,58,58,41,54,51,59,51,54,32
550,62,66,56,57,65,57,63,65,68,59,65,55
551,46,45,46,47,52,41,50,51,59,46,48,37
552,47,46,43,44,44,32,44,46,57,42,46,34
553,55,56,46,48,55,47,53,57,63,50,54,47
554,54,54,56,54,52,37,52,52,61,51,57,39
555,65,70,60,61,74,67,70,72,72,64,70,61
556,50,51,51,53,64,57,60,61,65,53,56,47
557,53,55,51,52,59,49,56,58,64,52,57,46
558,50,52,60,60,72,64,66,66,67,59,61,49
559,61,62,46,48,53,45,53,58,65,51,57,50
560,53,52,44,45,46,35,47,49,60,45,50,40
561,60,61,58,57,56,42,56,57,64,55,62,46
562,56,57,52,52,53,41,53,54,62,51,57,44
563,50,51,50,52,64,57,59,61,65,53,55,47
564,62,66,53,55,65,58,62,66,68,58,63,56
565,50,49,54,53,51,36,50,50,59,49,54,36
566,70,72,49,50,48,36,51,56,65,52,62,52
567,72,75,48,50,51,42,54,59,67,54,63,56
568,63,67,53,55,66,60,63,67,69,58,64,57
569,54,53,48,48,46,32,47,48,59,46,52,39
570,40,39,51,52,61,51,56,55,61,49,50,36
571,62,64,45,47,49,40,50,55,64,49,56,49
572,60,62,46,48,54,46,54,58,65,51,57,50
573,72,78,54,56,69,66,68,73,73,62,70,67
574,42,40,44,45,49,37,47,47,57,43,45,33
575,61,64,57,58,66,57,63,65,68,59,65,54
576,45,45,50,51,58,48,54,54,61,49,51,39
577,58,60,50,52,61,53,58,61,66,54,59,50
578,53,54,44,47,59,54,56,60,65,50,53,49
579,43,42,55,55,62,50,57,55,61,52,53,37
580,73,76,48,50,53,45,55,61,68,54,64,58
581,58,60,57,57,66,57,63,64,67,58,63,51
582,61,62,50,50,52,41,53,56,63,51,58,47
583,67,72,58,59,70,63,67,70,71,62,69,61
584,55,58,49,51,63,57,60,63,66,54,58,51
585,52,55,54,56,68,61,63,64,67,57,59,50
586,55,58,48,51,63,58,60,63,67,54,57,52
587,65,70,55,57,70,65,67,71,72,61,67,62
588,60,62,50,52,61,55,59,63,67,55,60,53
589,54,55,52,53,61,52,58,60,65,53,57,47
590,48,50,53,55,70,63,63,64,66,56,57,48
591,50,50,51,51,51,37,50,50,60,48,53,37
592,63,67,50,53,64,58,62,66,69,57,62,57
593,69,73,55,56,64,57,63,68,70,60,68,60
594,55,57,57,58,68,60,64,65,67,58,62,51
595,51,50,45,46,51,41,49,52,61,46,50,41
596,74,78,46,49,55,50,57,64,69,55,64,62
597,57,62,56,59,81,79,74,76,73,64,66,62
598,46,47,58,57,62,49,58,56,62,54,56,39
599,51,51,64,61,61,44,58,55,62,56,61,39
600,57,61,65,64,75,66,70,70,70,64,68,54
601,54,56,56,57,67,58,63,63,66,57,60,49
602,60,63,61,60,64,52,62,62,67,59,65,50
603,48,50,54,56,71,64,64,65,66,56,58,48
604,52,51,46,47,49,37,48,50,60,46,51,40
605,57,59,45,48,58,52,56,60,65,51,56,51
606,50,51,65,62,67,52,63,60,64,58,62,42
607,68,70,52,53,55,46,56,60,67,55,63,54
608,56,58,58,57,62,49,59,60,65,56,61,47
609,66,69,49,51,57,49,57,61,67,54,62,55
610,45,48,56,58,77,72,69,68,68,59,59,50
611,71,76,48,52,64,62,63,70,72,58,66,65
612,59,61,45,49,58,53,57,61,66,52,57,52
613,66,72,52,56,77,77,72,77,75,63,68,68
614,66,70,58,58,62,52,62,64,68,59,67,55
615,65,70,57,58,69,62,66,69,71,61,68,60
616,60,63,59,59,64,53,62,63,67,59,65,51
617,57,58,54,54,57,45,56,57,64,53,59,46
618,48,48,49,51,59,50,56,57,62,50,53,42
619,58,60,54,55,60,49,58,60,65,55,60,49
620,57,58,40,44,51,45,50,55,63,47,52,48
621,47,46,52,52,52,38,51,50,59,48,52,35
622,53,57,55,57,73,68,67,68,69,59,61,54
623,59,61,43,46,56,50,54,60,65,50,55,52
624,53,52,50,50,48,34,49,50,60,48,53,38
625,46,48,53,55,73,68,65,66,67,56,56,49
626,39,36,48,47,45,28,43,42,54,42,44,25
627,62,66,60,60,70,62,67,68,70,62,67,57
628,56,60,52,55,72,69,67,70,70,58,61,57
629,75,81,48,52,66,64,65,72,73,60,68,69
630,59,59,56,54,49,32,50,51,61,51,59,41
631,36,34,55,54,55,38,51,47,56,47,48,27
632,53,55,54,55,64,56,61,62,66,55,59,48
633,47,47,47,49,56,47,53,55,62,48,51,41
634,65,69,59,59,64,53,63,65,68,60,67,55
635,45,43,51,50,50,35,49,48,58,47,50,33
636,55,56,50,51,55,44,54,55,63,51,56,45
637,67,70,52,53,60,53,60,64,68,57,64,57
638,61,64,62,61,71,62,67,68,69,62,67,55
639,62,65,58,57,59,47,59,60,66,57,64,50
640,69,71,45,47,51,43,53,59,66,51,60,55
641,66,72,61,62,77,72,73,75,74,66,72,64
642,57,59,52,53,62,53,59,61,66,55,59,50
643,63,66,51,53,63,57,61,65,68,56,62,56
644,51,51,61,59,62,47,59,57,63,55,59,41
645,38,37,58,57,63,49,57,54,60,52,52,33
646,58,61,49,53,70,67,65,69,70,57,61,58
647,56,58,51,53,60,52,58,60,65,54,59,49
648,56,58,48,50,55,46,54,57,64,51,56,47
649,40,39,53,52,56,43,52,51,59,48,49,33
650,65,68,49,51,61,56,60,65,69,56,62,58
651,60,65,51,54,70,66,66,69,70,59,63,59
652,55,55,49,50,53,42,52,54,62,50,55,43
653,68,73,47,51,66,64,64,70,72,58,64,64
654,49,49,48,50,58,49,55,56,62,50,52,43
655,41,39,46,47,51,39,48,48,58,44,46,32
656,60,60,47,47,45,32,47,50,61,47,55,43
657,73,79,54,56,67,63,67,72,73,62,71,66
658,61,62,50,51,52,41,53,56,64,51,59,47
659,58,61,66,64,67,53,64,63,66,61,67,49
660,59,60,49,51,55,46,55,58,64,52,58,48
661,69,74,50,52,61,55,60,65,69,57,65,60
662,48,47,52,51,53,39,51,51,60,49,52,36
663,49,51,64,63,69,56,64,62,65,59,62,44
664,58,61,56,57,66,58,63,64,67,58,63,52
665,59,62,55,57,69,63,65,67,69,59,63,56
666,55,55,47,47,46,34,47,50,60,47,53,40
667,55,54,48,48,42,27,44,46,58,45,52,36
668,55,57,54,55,65,58,62,63,67,56,60,51
669,37,34,42,45,52,42,48,48,57,42,42,31
670,53,55,52,54,63,55,60,61,65,54,58,48
671,72,77,58,59,67,60,66,70,72,63,71,63
672,62,63,44,46,51,43,51,56,64,49,56,50
673,56,57,45,46,48,38,49,52,61,47,53,44
674,61,62,47,48,50,40,51,54,63,49,56,47
675,67,72,53,55,64,58,63,67,70,59,66,60
676,60,60,48,49,49,37,50,53,62,49,56,45
677,51,52,50,51,58,48,55,56,63,51,55,43
678,51,52,48,51,61,54,57,59,64,52,55,47
679,54,55,53,53,59,48,57,58,64,53,57,45
680,64,66,49,50,55,47,55,60,66,53,60,53
681,66,71,54,56,71,67,67,72,72,61,67,63
682,54,57,57,58,69,61,65,65,67,58,62,51
683,48,47,43,45,52,43,49,52,60,45,48,40
684,54,55,54,55,62,53,59,60,65,55,59,47
685,68,72,54,55,60,51,60,64,68,58,66,57
686,45,44,49,50,56,45,53,53,60,48,50,38
687,68,74,70,69,79,70,76,76,74,70,77,63
688,59,62,57,57,65,55,62,63,67,58,63,51
689,71,77,47,51,66,65,64,72,73,59,66,67
690,55,55,53,53,54,42,53,54,62,51,57,43
691,59,63,65,65,77,69,72,71,71,65,69,57
692,62,66,46,49,61,56,59,64,68,54,60,56
693,63,66,53,55,65,59,63,66,69,58,64,57
694,61,63,49,51,61,54,59,63,67,54,60,54
695,45,47,52,54,69,63,63,63,65,54,55,46
696,56,58,55,55,63,53,60,61,66,56,60,49
697,56,57,51,51,55,45,54,56,63,51,57,46
698,68,73,52,54,63,58,62,67,70,59,66,61
699,63,66,57,58,66,58,64,66,69,60,66,56
700,54,54,36,40,48,42,47,53,62,44,48,45
701,71,75,52,53,58,50,59,64,69,57,66,59
702,58,60,59,58,62,51,60,61,66,57,63,49
703,54,55,53,54,62,53,59,60,65,54,58,47
704,56,56,49,49,48,35,49,51,61,48,54,41
705,66,70,53,55,66,60,64,68,70,59,66,60
706,59,62,60,60,69,60,66,66,68,60,65,53
707,61,66,61,62,75,69,71,72,71,64,68,59
708,54,57,60,60,70,61,65,65,67,59,63,50
709,45,45,49,51,59,49,55,55,62,50,51,40
710,51,53,52,54,65,58,61,62,66,55,57,48
711,57,60,57,57,65,56,62,63,67,58,62,51
712,52,53,55,55,60,49,57,58,63,54,58,44
713,61,62,50,50,49,37,51,53,62,50,58,45
714,55,57,60,60,67,55,63,62,66,58,63,48
715,57,59,55,56,63,54,61,62,66,56,61,50
716,47,47,55,54,59,47,56,55,62,52,55,40
717,46,47,54,55,66,56,60,60,64,54,55,43
718,51,52,50,52,59,50,56,58,63,52,55,45
719,57,60,54,56,68,62,64,66,68,58,62,54
720,63,65,44,47,52,45,53,58,65,51,57,52
721,61,65,49,53,69,66,65,69,70,58,62,59
722,50,52,52,53,62,53,58,59,64,53,56,45
723,61,64,57,58,70,63,66,68,69,60,65,56
724,44,43,55,54,55,40,52,50,59,49,52,33
725,61,63,48,50,56,47,55,59,65,52,58,51
726,68,73,65,64,71,61,69,70,71,65,73,60
727,64,70,60,62,80,77,75,77,74,66,71,66
728,76,80,46,48,51,44,54,61,68,54,64,61
729,56,60,55,57,70,64,66,67,69,59,62,54
730,57,59,42,45,54,49,53,58,64,49,54,50
731,52,53,41,45,56,51,53,57,64,48,51,47
732,62,63,60,58,57,42,57,57,64,56,64,47
733,55,57,50,51,57,48,56,58,64,52,57,47
734,60,63,58,57,63,52,61,62,67,58,64,51
735,46,45,56,54,55,39,52,51,59,50,54,35
736,55,57,54,55,63,54,60,61,66,55,60,49
737,51,52,52,53,61,52,58,59,64,53,56,45
738,74,82,50,56,79,82,74,82,78,66,72,77
739,52,53,53,53,56,45,54,55,62,51,56,42
740,54,57,61,62,78,73,72,72,70,63,65,55
741,50,50,51,51,55,44,53,54,61,50,53,40
742,58,61,53,55,67,61,63,66,68,57,62,55
743,64,68,44,48,61,58,59,65,69,54,60,59
744,54,56,63,62,68,56,64,63,66,60,64,47
745,42,41,50,50,52,39,50,49,58,46,48,33
746,61,65,52,54,66,61,64,67,69,58,63,57
747,55,57,59,58,61,49,59,59,64,56,61,45
748,58,60,60,59,61,47,60,59,65,57,63,47
749,64,66,51,52,54,43,55,58,65,53,61,51
750,60,64,49,53,69,67,65,70,70,58,62,60
751,62,66,52,55,67,62,64,68,70,58,63,58
752,53,53,43,45,47,36,47,50,60,45,50,40
753,41,39,47,47,49,36,47,46,57,44,46,31
754,58,60,56,56,59,46,57,58,65,55,61,47
755,57,60,59,60,71,64,67,68,69,60,64,54
756,59,62,53,54,59,50,58,60,66,55,60,50
757,67,72,61,61,69,60,67,69,71,63,70,59
758,68,73,54,56,67,61,65,69,71,61,68,62
759,67,71,54,55,62,54,61,65,69,58,66,57
760,41,41,47,50,64,57,57,58,63,50,49,41
761,63,67,60,60,72,65,68,70,71,62,68,58
762,50,50,47,49,57,48,54,56,62,49,52,43
763,55,57,59,58,65,54,62,62,66,57,62,48
764,54,53,46,46,46,33,47,49,60,46,51,39
765,67,73,65,65,79,72,75,76,74,68,74,64
766,62,62,57,55,48,31,51,51,61,52,61,42
767,52,55,53,56,73,69,67,68,69,58,60,54
768,62,66,54,56,69,64,66,69,70,60,65,58
769,66,70,55,56,65,58,63,67,69,59,66,58
770,57,60,54,55,66,58,62,64,67,57,61,52
771,60,63,54,55,66,59,63,65,68,58,62,54
772,74,81,56,58,74,73,72,78,76,66,73,71
773,52,53,45,47,56,49,54,57,63,49,52,45
774,54,55,55,55,57,44,56,56,63,53,58,43
775,65,70,66,65,75,65,71,72,72,66,73,60
776,60,63,54,55,61,51,59,61,66,56,62,51
777,63,66,55,55,60,50,59,61,67,57,64,52
778,70,75,49,52,64,60,63,69,71,58,66,64
779,49,50,57,56,61,48,57,56,63,53,57,41
780,58,60,64,62,63,48,61,60,65,59,65,46
781,64,66,40,44,50,45,51,58,65,49,56,53
782,49,48,59,56,54,37,53,50,59,51,56,35
783,48,49,45,49,61,56,57,59,64,50,52,46
784,71,76,47,50,62,59,62,68,71,57,65,64
785,51,52,55,54,57,44,55,55,62,52,56,41
786,70,73,49,50,55,47,56,62,67,55,63,57
787,58,59,52,52,51,37,51,53,62,51,57,43
788,60,64,59,60,75,70,70,72,71,63,67,59
789,58,57,39,41,35,22,39,43,57,41,48,38
790,73,78,51,54,63,58,63,69,71,60,68,64
791,55,56,43,45,51,42,50,54,62,47,52,45
792,66,70,51,53,64,58,62,66,69,58,64,59
793,68,73,55,57,70,66,68,72,72,62,69,64
794,86,95,54,58,77,79,76,85,81,69,79,84
795,37,34,48,47,43,26,42,40,53,41,43,23
796,53,53,43,45,49,39,48,52,61,46,50,42
797,64,66,57,56,53,38,55,56,64,55,63,47
798,49,50,55,55,65,55,60,60,64,54,57,44
799,53,53,45,46,48,37,48,51,60,46,51,41
800,64,66,49,50,48,37,51,54,63,51,59,48
801,57,58,44,46,50,41,50,54,62,48,53,46
802,62,64,47,49,54,45,54,58,65,51,58,50
803,68,73,58,60,72,66,69,72,72,64,70,63
804,54,56,60,60,70,61,66,65,67,60,63,50
805,61,65,54,56,70,65,66,69,70,59,64,58
806,71,75,50,52,63,59,62,68,71,58,66,63
807,70,76,62,63,76,71,73,76,74,67,74,66
808,50,50,53,53,58,47,56,56,62,52,55,42
809,45,43,42,43,43,30,43,44,56,41,45,32
810,74,80,51,54,65,61,65,71,73,60,69,67
811,48,48,45,47,54,45,51,53,61,47,50,40
812,47,47,52,52,55,42,52,52,60,49,52,38
813,74,78,56,56,59,49,61,65,70,59,69,60
814,53,54,51,51,55,44,54,55,62,51,55,43
815,61,64,55,56,62,53,61,63,67,57,63,53
816,59,61,53,54,59,49,57,59,65,54,60,49
817,68,73,51,55,71,69,68,73,73,61,67,66
818,69,73,49,52,64,60,63,68,71,58,65,62
819,50,52,49,51,61,53,57,59,64,52,54,46
820,60,62,50,51,55,45,55,58,65,52,58,49
821,63,68,55,56,67,61,65,68,70,60,65,58
822,71,74,53,53,54,44,57,61,67,56,65,56
823,58,58,48,48,49,38,50,53,62,49,55,44
824,69,73,39,44,55,53,56,64,69,52,59,62
825,52,54,50,52,62,55,59,61,65,53,56,47
826,71,76,51,54,63,58,63,68,71,59,67,63
827,65,68,61,60,63,51,62,64,68,60,67,54
828,59,60,47,48,52,42,52,56,63,50,56,48
829,51,52,52,52,58,47,55,56,63,51,55,43
830,52,52,51,52,57,46,55,56,63,51,55,43
831,38,37,59,58,63,49,57,54,60,52,52,33
832,63,67,53,55,65,60,63,67,69,58,64,58
833,53,54,52,53,59,50,57,58,64,53,57,45
834,40,38,45,45,43,29,42,42,55,41,43,27
835,49,48,49,48,45,29,45,45,57,45,50,33
836,45,45,54,54,61,49,57,56,62,51,53,39
837,53,54,48,49,53,42,52,54,62,49,54,43
838,57,58,49,51,58,51,57,60,65,52,57,49
839,61,64,65,64,72,62,69,68,70,63,69,55
840,63,67,53,55,69,65,66,69,70,60,65,60
841,62,64,44,47,56,51,55,61,66,52,57,54
842,47,47,54,54,60,49,57,56,62,52,54,40
843,58,60,51,53,60,52,58,61,66,54,59,50
844,66,68,41,44,50,44,52,58,66,50,57,54
845,65,68,50,52,56,47,56,60,66,54,62,54
846,59,61,53,54,61,52,59,61,66,55,61,51
847,60,63,52,54,61,52,59,62,66,55,61,52
848,66,67,49,49,45,31,48,52,62,50,59,46
849,53,54,60,59,67,55,63,62,66,58,62,47
850,57,57,43,46,51,43,51,55,63,48,53,46
851,60,61,57,55,53,38,54,54,63,53,61,44
852,67,71,59,59,63,53,63,65,69,60,68,56
853,62,63,57,55,53,38,54,55,63,54,61,45
854,41,37,34,36,37,25,37,40,54,35,37,28
855,65,69,52,54,64,57,62,66,69,58,64,58
856,57,58,47,48,51,41,51,54,63,49,55,45
857,49,50,54,54,62,51,58,58,63,53,56,43
858,50,53,57,59,75,68,68,68,68,60,61,52
859,48,49,55,55,65,56,60,60,64,54,57,44
860,64,69,63,63,77,71,73,74,73,66,71,61
861,60,63,66,64,73,62,69,68,69,64,69,54
862,61,65,52,54,66,60,63,66,69,57,62,56
863,76,82,52,55,66,62,66,72,73,62,71,68
864,67,72,57,59,74,70,70,74,73,64,69,64
865,55,57,57,58,69,60,64,65,67,58,62,51
866,55,57,54,54,58,46,56,57,64,53,58,45
867,60,60,48,48,45,32,47,50,61,48,55,43
868,62,65,59,59,65,54,63,64,68,59,66,53
869,67,72,63,63,71,62,69,70,71,65,72,60
870,62,64,52,52,56,46,56,59,65,54,60,50
871,67,70,43,47,54,49,55,61,67,52,59,57
872,46,44,45,47,50,39,48,50,59,45,48,36
873,68,71,48,49,52,43,54,59,66,53,61,54
874,52,55,63,62,73,63,67,66,67,61,64,49
875,56,57,54,54,60,49,58,59,64,54,59,47
876,63,66,48,50,57,50,57,61,67,53,60,54
877,52,52,51,51,55,44,53,54,62,50,54,42
878,61,63,60,59,60,47,59,60,65,57,64,48
879,47,46,48,49,54,43,51,52,60,48,50,38
880,55,58,64,63,75,65,69,68,69,63,66,52
881,60,63,50,53,65,60,62,66,68,56,61,55
882,78,83,56,57,64,56,65,70,72,62,73,66
883,61,65,57,58,68,60,65,67,69,60,65,56
884,58,62,57,59,73,68,68,70,70,61,65,56
885,59,62,56,57,67,59,64,66,68,59,64,54
886,42,42,55,55,64,53,58,57,62,52,53,38
887,48,46,54,52,48,31,48,46,57,47,52,32
888,60,62,50,52,59,51,57,60,66,54,59,51
889,45,43,49,48,45,29,45,44,56,44,48,30
890,41,41,60,59,69,57,62,59,63,55,55,38
891,59,61,57,56,58,45,57,58,64,55,61,47
892,78,85,57,59,71,67,70,76,75,66,75,71
893,56,58,58,58,66,56,62,63,66,58,62,49
894,58,60,58,57,58,46,58,58,64,55,62,46
895,55,57,54,55,63,54,60,61,65,55,60,48
896,67,71,44,48,57,53,57,64,68,54,61,59
897,59,62,56,56,61,51,60,61,66,56,62,50
898,54,54,46,47,49,38,49,51,61,47,53,42
899,52,53,63,61,65,51,61,59,64,58,62,44
900,57,58,49,50,56,47,55,57,64,51,57,47
901,71,76,69,67,72,60,70,71,72,67,76,60
902,50,51,46,48,57,50,54,57,63,49,52,45
903,63,64,49,49,47,35,50,53,62,50,58,46
904,64,68,59,59,67,57,65,66,69,61,67,56
905,57,59,55,55,59,48,58,59,65,54,60,47
906,75,81,62,62,71,64,70,74,74,66,75,67
907,59,60,49,50,56,47,55,58,65,52,58,49
908,51,53,50,52,63,56,59,61,65,53,56,47
909,67,72,60,61,72,66,69,72,72,64,70,62
910,61,63,60,58,60,47,59,60,65,57,64,48
911,54,56,50,52,64,57,60,63,66,54,58,50
912,63,67,55,56,68,62,65,68,70,60,65,58
913,53,56,60,60,72,63,67,66,68,60,63,50
914,70,75,57,59,73,69,70,74,74,64,71,66
915,30,26,48,48,54,41,49,46,55,43,41,25
916,49,49,47,49,58,49,54,56,63,49,52,43
917,59,62,59,60,71,63,67,68,69,61,65,55
918,65,67,64,61,55,37,57,56,64,58,67,46
919,61,61,43,45,45,35,47,51,62,47,54,45
920,52,54,54,55,63,54,60,60,65,55,58,47
921,49,49,51,51,54,42,52,53,61,49,53,39
922,57,62,49,53,73,71,67,71,71,59,61,59
923,63,68,67,66,77,68,73,73,72,67,72,59
924,52,52,56,55,55,41,54,53,61,52,57,40
925,57,59,56,56,62,52,60,61,66,56,61,49
926,58,61,58,58,69,61,65,66,68,60,64,54
927,67,68,51,50,47,33,50,53,63,51,60,48
928,59,63,59,60,71,64,67,68,70,61,66,56
929,66,71,58,59,70,63,67,70,71,62,69,60
930,56,60,61,62,74,67,69,69,70,62,66,55
931,52,52,58,57,58,44,56,55,62,54,58,41
932,61,64,59,58,62,50,60,61,66,58,64,50
933,58,60,42,46,58,54,56,61,66,50,55,53
934,60,64,47,51,67,65,63,68,70,56,60,59
935,60,62,52,53,63,56,61,64,67,56,61,53
936,60,60,38,41,43,34,45,51,61,44,51,46
937,43,43,54,54,60,48,56,54,61,51,53,37
938,55,55,44,46,47,36,47,51,61,46,52,42
939,58,60,52,54,65,58,61,64,67,56,60,53
940,52,53,63,62,67,54,63,61,65,58,62,44
941,59,63,56,58,71,65,67,69,70,60,65,57
942,57,62,64,65,82,77,75,75,72,66,69,59
943,41,39,47,48,50,37,47,47,57,44,46,31
944,71,74,48,49,53,45,55,61,67,54,63,57
945,56,57,56,56,58,45,57,57,63,54,60,45
946,62,64,49,50,52,41,53,56,64,51,59,49
947,58,60,47,49,57,49,55,59,65,51,57,50
948,56,58,49,52,63,57,60,63,67,54,58,51
949,74,81,53,57,77,78,74,80,77,66,73,74
950,61,62,51,51,54,43,54,57,64,52,59,48
951,73,79,66,66,75,66,73,74,74,68,77,65
952,69,73,54,55,60,52,60,64,69,58,66,58
953,58,61,52,54,67,62,63,66,68,57,61,55
954,62,65,51,52,58,49,57,61,66,54,61,52
955,47,46,43,45,52,43,49,52,60,45,48,39
956,60,63,46,50,68,67,64,69,70,56,60,60
957,57,59,47,49,55,46,54,57,64,51,56,48
958,58,60,45,48,59,53,57,61,66,52,57,52
959,56,58,59,58,65,54,62,62,66,58,62,49
960,60,63,53,54,60,50,59,61,66,55,61,51
961,70,75,59,59,66,57,65,68,71,62,70,61
962,59,61,53,54,60,51,58,60,66,55,60,50
963,64,68,55,56,64,56,62,65,69,58,65,56
964,45,44,52,51,50,34,48,47,58,46,50,32
965,50,51,49,50,57,47,54,56,62,50,53,43
966,64,67,44,48,57,53,57,63,67,53,59,56
967,61,63,45,48,55,49,55,60,66,51,57,52
968,59,61,57,57,62,51,60,61,66,57,63,50
969,54,54,46,47,50,39,49,52,61,47,53,42
970,48,49,44,47,60,55,56,59,64,49,51,45
971,52,53,55,55,59,47,57,57,63,53,58,43
972,58,59,57,57,62,51,60,61,66,56,62,48
973,60,62,49,50,52,41,53,56,64,51,58,47
974,58,59,45,47,51,43,51,55,63,49,55,47
975,70,74,60,60,65,55,64,67,70,62,70,59
976,57,59,52,53,58,48,57,58,64,53,59,48
977,57,58,45,47,51,42,51,55,63,49,54,46
978,51,50,39,42,44,34,44,48,59,42,47,39
979,66,70,51,53,60,52,59,64,68,56,64,57
980,49,49,54,54,61,50,57,57,63,52,55,42
981,48,48,45,48,58,51,54,57,63,49,51,43
982,56,60,59,61,79,76,73,74,72,63,66,59
983,55,55,46,48,52,42,51,54,62,49,54,44
984,72,78,54,57,71,67,69,74,74,63,71,68
985,55,54,45,46,48,37,48,51,61,46,52,42
986,62,64,44,47,55,49,55,60,66,51,57,53
987,72,76,51,53,62,56,62,67,71,58,67,62
988,59,61,49,50,55,46,54,57,64,52,57,48
989,62,66,61,61,71,63,67,68,70,62,68,57
990,53,53,36,40,49,44,48,54,62,44,48,45
991,57,58,54,54,56,44,55,56,63,53,59,45
992,63,66,53,54,61,52,60,62,67,57,63,54
993,57,57,56,55,54,39,54,54,62,52,59,42
994,58,60,62,60,60,44,59,57,64,57,64,45
995,50,51,58,59,69,59,64,63,66,57,60,47
996,59,63,63,63,76,68,71,71,71,64,68,57
997,70,74,51,53,63,58,62,67,70,58,66,62
998,85,91,44,48,57,56,60,70,74,58,70,73
999,35,33,57,56,64,51,57,53,59,51,50,32
